Deal_title,Sucess Probability
TitleAD16O,52.6849598025358
TitleOW6CR,61.6300333245258
TitleVVJQ5,64.33283339264452
TitleUS8NA,61.49121621487346
Title5VGWW,64.0353822035055
TitleE2WOK,64.26157177073904
Title8CF62,58.98908679303489
TitleF8687,55.51341976177585
TitleWNTYU,58.1288501484489
TitleXK47X,63.80013710409006
Title2QCON,59.5749132133137
TitleR9W92,63.16414282789111
TitleY5USZ,59.984224876550044
TitleY4MJP,62.23130371100334
Title1W8YF,60.405927840414115
Title9HII9,60.77764969826762
Title725I7,60.11568808148066
TitleTB8A9,61.06045104516174
Title9CM6M,59.56711858478243
Title2ATAG,61.30817421851794
TitleAKV0K,63.700157171391744
Title40AN7,62.87693744932864
TitleQC654,57.07108078710705
TitleDYIL3,55.6887939960144
TitleEX1S3,64.6470462411331
TitleAMLDL,65.06961362288669
TitleQH7E7,58.939081504638395
TitleT52E7,59.30304392400653
TitleTGRSX,62.64614724330532
TitleNL1RF,61.007237106063556
TitleXOLYB,57.74541923809445
Title6M0R1,58.91819374883072
TitleO3EA1,61.64094384562537
TitleDOHV2,61.55821073071504
TitleBZERW,62.52119603309783
TitleGD2UX,60.74584151802347
TitleWLHM9,63.72275352129576
TitleKCOAN,60.0826295121108
TitleZLSEG,55.59676096643764
TitleIJCLT,62.472786959642164
Title6TO0C,55.893322787566646
Title6G0HX,56.56723525625554
TitleOI849,56.02453497947588
TitleFOU96,61.25400592968367
Title1JMW2,62.33917262482099
TitleEK2G5,56.65298361466519
TitleFCVZZ,59.27543104929531
TitleYWT9O,55.6978937456465
TitleONFNK,57.16985573549097
TitleYBWHO,56.91421237889666
Title0ABZU,60.26570868965464
TitleRL0H9,58.99221875523134
Title7EQFB,61.96869965345784
Title4EV1D,60.96903782859615
TitleBGKH2,59.39764393363646
TitleDTP0Z,58.181538931671625
Title11K82,63.333125648508585
Title7VF6X,67.69627930400888
TitleQU2CO,59.55189750501364
Title64YS8,62.00573631888589
TitleFIM0Q,60.83164818817176
TitleCWEHX,56.891961504924204
Title92460,62.051282223561444
TitleWJ99Y,65.70605255919767
TitleKRL1N,58.89213255913791
TitleL3YT1,58.10012771670857
Title38LJL,62.768337003037416
TitleH6EHH,55.335004428839255
Title85MTC,59.266205880880904
TitleKHY4R,53.88997976938601
TitleVSLNT,62.22674296547452
Title87H8W,62.779954367262114
TitleF6Y3O,62.32720782062194
TitleARV9A,54.56528668933079
TitleNOVXO,58.06930686998553
TitleB9BV2,65.69547871828928
TitleBJ1RG,60.319541872138785
TitleCEJAA,57.56478001719241
Title6IXFW,63.795584180666836
TitleMMMJ8,60.61400059130438
TitleS2KHC,61.33999010825151
TitleBQCK8,64.8127341247282
Title49KAE,57.74624769826905
TitleI75WO,56.08690478629178
Title89CC9,61.56034110852972
TitleQH1LB,63.36348586944325
TitleO4EZA,55.62398360293686
Title29I32,59.25560764935552
TitleQS6HG,55.75050033284687
Title3X354,63.6644692148449
Title7O1LX,62.13862172683292
TitleTL3RY,64.02773744211201
TitleGNLFA,61.355638088862946
Title2LWRP,57.67052040934863
TitleASNW8,59.69676882966594
Title17AXX,60.43496329426704
Title1ZNU8,59.14503849219209
TitleI91SM,55.88543742738891
TitleT3O89,55.30215840928339
Title7SN4U,63.614703928398995
TitleXTN7N,61.3353287850816
Title60US8,58.549611045545404
TitleHQHV8,59.12501530926578
TitleKRERU,62.34730779887375
Title2LMSH,61.70592383790221
TitleRUNZZ,59.40847736125161
TitleNWNCQ,63.08639813494425
TitleX4XVX,57.848839083655804
TitleZZ8C4,60.42747470387477
Title40VOT,60.3174379710645
TitleVJE93,58.132641241868605
TitleT6IFU,54.97405876708683
TitleJTB5C,63.123815034742705
TitleP27G5,65.11237320967258
Title9MOY9,61.26518891325169
TitleL2MIQ,59.682856406994
Title4C0R3,64.48024529671734
Title9M68F,56.57271769176717
TitleTV4EP,57.92104437733103
TitleGRQSE,60.332830451957015
Title66KV3,62.14151833939837
TitleZGL83,57.70204890516093
TitleDXX1I,62.16979974710314
TitleJEC3R,58.49751733113649
TitleJ86PA,58.05301116675094
TitleY63E7,61.93926014481756
TitleTIZWH,63.357027985560684
Title8Q2VE,61.3674263427147
TitleU4TJJ,60.49443815223693
Title3DJSM,60.20327374085992
TitleQK0GK,58.745652833624625
Title1RJEO,57.784733565550034
TitleQLAAT,56.87286254670936
TitleE5SMZ,61.980718945942414
TitleBCI7X,59.67729214323735
TitleEJ8QG,60.367492953306524
TitleF952N,56.166533556488645
TitleTSFVY,65.06277689701987
TitleMDHHH,56.45309057073878
TitleRHKWU,55.37643195606112
Title5FQ2D,62.32669745495224
TitleC9DTF,56.98121069118233
TitleMNACX,60.47965922958649
Title3HAQN,65.1596994675689
TitleVZ77S,57.0238815102959
Title9XK7J,59.08501816982073
TitleXAZ58,54.36507091666409
Title5AVS8,57.917713166801704
Title2GZ5L,63.14429151139728
TitleQVCQO,64.58024600468231
TitleQU41K,57.176711098257236
TitleMSQ29,63.21610590837077
TitleGF3AR,60.44133510169192
TitleM1Y03,54.76121704028491
TitleO050D,59.6637584286954
TitleMY1JL,59.40762860948398
TitleHR6TI,60.49388265468115
TitleQYD01,58.10247994069066
TitleDTQVL,63.24360060834052
TitleL0TYU,54.19099498923019
TitleCBNHL,58.6575466353474
TitleKU2HW,55.69145252390207
TitleVLF3R,55.97854159294691
Title8ZAVN,57.815610680820086
TitleZQS1N,60.311573204336796
Title6RJPI,61.26744773157836
TitleFITS4,64.54005642676614
TitleH7DCS,61.91933894352401
TitleW6KGP,62.187525385927906
TitleB19A4,58.46240605446649
Title3K0H0,64.2896321292365
TitleQETZZ,61.21927073751199
TitleMMOKL,63.46685797151779
TitleVB7TN,57.525694957936516
TitleP31A3,65.08758570446524
Title84WTP,60.93136726202015
Title8O71H,61.454002614531944
TitleEOOL3,59.23452149709413
TitleSL7PN,63.70568964257754
TitleNNMNX,66.07440623917486
Title94T7J,57.163366406895186
Title5TW58,65.29611870967791
TitleFSOQQ,65.69880410180713
Title3U0Q9,60.39427805513268
Title5TU5S,55.90713392868831
TitleZ0JY8,55.83523361250347
TitleTXY8Q,58.87079450083844
TitleVFIT3,62.55786912242222
Title7U9QA,65.85365367035013
TitleYQ0XO,62.176925332250974
Title7MGIZ,62.61813903534327
Title9072O,53.772927195177076
TitlePIGTN,55.434483176550465
TitleN0MYB,56.59361808254123
TitleRIWZ8,60.65700868135368
TitleZIGTQ,64.884340149405
TitleTW439,59.84900792878873
TitleUIT6V,61.51588126383876
TitleR6XH3,63.36850631167319
Title58R3H,56.521779821021966
TitleDEBAJ,61.83895345479006
TitleQZ64P,62.18932878689807
TitlePR1PN,64.13335876341817
Title482NU,56.9616795928402
TitleGZLAP,62.237435750375994
TitleS9B92,66.0704612227035
TitleY95FX,64.65348652908554
TitleFMC0D,53.76024273231978
TitleI0INY,64.39305625547208
Title0GAJI,63.50142618843506
Title6LA9P,64.52985978203556
TitleKILVF,60.84715494670411
TitleAITZX,57.48683265540343
TitleL6A1J,58.75002283200677
TitleCYT9J,56.48770000340596
TitleDST6L,65.45486859543604
Title6BNFS,57.999435937534784
TitleXAPT4,60.08959871483051
TitleHJ3WF,60.76666183404829
TitleNDJ2A,58.674026255571405
TitleYYGY8,62.38858504413653
TitleCVP13,60.88955921008841
TitleL7DS2,58.021919265459395
TitleVO0MI,58.92106691434824
Title1QLMW,63.67450929156903
TitleAFWVU,59.452074013561464
TitleMQGXY,57.22610420392164
TitlePS05F,60.44256765210639
TitleTBPD7,66.99394364906895
TitleSC6IH,58.508335976274836
TitleWMDY2,58.211071797368916
Title8AXHN,57.287606323755504
Title8WJ3G,60.03293629469003
TitleSYQ3F,59.7528576869652
TitleF0S76,60.91814121552708
Title23FI5,55.17014889523248
TitleYM00H,60.04301334325684
TitleV4Q21,62.63943542963247
TitleZW3VH,62.16597439809122
TitleWTD4L,61.252766651776206
TitleHGN2A,58.293000643414175
Title5NAK8,61.36584221174652
TitleAFWDD,58.07753811038231
TitleCVTAZ,58.02501196258028
Title6S2L6,63.693845202495325
TitleU7VJM,61.26640183801551
Title25JJZ,57.623968896221605
TitleU2OST,58.69658792723992
TitleZK1N8,62.95903888801412
TitlePJS42,58.723812273681645
TitleT2N5V,61.318789506227
Title2WV7J,60.86197865270201
TitleFAB82,58.516403674746044
TitleUP3M1,65.68908412972115
TitleT2JNN,59.486038391968755
TitleCLQNO,59.65136291868468
Title9R03I,62.42328375230786
Title07QDY,60.10969278569405
Title2IVM3,59.08922899218598
TitleVP36Q,57.88349546675221
TitleK4XJS,61.60474393734174
Title4B9AT,60.10558684291946
TitleIKWWI,60.31952309663994
TitleGIP04,58.60312318958983
Title9PWR5,61.829967054308135
TitleFPMEZ,60.57514745685292
Title2I5M7,60.98962575647865
Title9R98H,55.62967448021217
Title0NIZP,62.52910194328299
TitleWNR0U,61.402670184634026
TitleAHKSJ,57.55400479627787
TitleJQHWZ,67.20436870265708
TitleY63MM,65.05085528817494
Title7R26O,59.89616107541569
TitleERLRI,62.964516785813075
Title9DNDI,59.5384137638806
TitleN1GIT,56.08893808455569
TitleZHHGX,63.60246844229993
TitleILO9W,58.94904669530095
TitleV8J6I,61.27148563887326
Title6FUHU,65.0879896938923
TitleKU88H,55.37130144660904
TitleGWFWJ,63.23972969637352
TitleQUUJE,62.720720294091876
Title1CUT0,59.31662891157056
TitleRPEUI,58.67183353527215
TitleRWN0X,63.07746331074452
Title2TB8F,61.694961285935086
TitleJBP95,64.36310269742833
Title2EHEM,61.612962919264135
TitleJZ4ZZ,60.880477768820256
TitleUR93W,60.47789315489252
Title2EEYL,61.333485477018485
TitleQKKKC,63.1202737537096
TitleBV5KY,65.96055936502376
TitleYEHWZ,55.28695780295068
Title9GWVF,62.160694339486206
TitleLF6V7,61.4222527118808
TitleGEZF0,55.669418569121106
TitleLNVE2,60.3748129499841
TitleM0Z66,57.777405710746244
Title0Z5ME,64.07493619654471
Title72FQJ,60.6772555066977
TitleRIG9O,60.735307547526304
TitleSNRHC,65.56621960500307
TitleZYG49,63.59473681190774
TitleL7PNT,59.55470306425113
TitleR0QR3,65.23080301065724
Title853VR,64.60807420901622
TitleAHYGU,60.001171158835376
TitleUE5GI,57.65464828639495
TitleWQE72,61.941433003398075
TitleB3YJF,64.93583884733644
TitleP5WMY,53.75666268371158
TitleP1ICM,61.44466364545768
TitleKK5F9,59.86775579689413
TitleMD7B7,55.9865251476783
Title6PDLX,65.09824746649501
Title7KCK3,57.61354585001594
TitleE82ZH,64.59546665604401
TitleSOLQY,58.20618337248947
TitleCQMFZ,62.660426681128136
TitleGMHJJ,63.5103654494564
TitleY3CTI,58.86585720560767
TitleE0F81,61.89910535598488
TitleZFA8I,60.17083808966215
TitleULSDL,60.7261123707412
Title34CJS,60.457782971488136
TitleS9KBI,62.31423024322688
Title6CM5T,55.971502002305556
TitleLYI3U,61.871319790129945
Title38R86,62.819179248976056
TitleS82G6,61.53670072809342
TitleSYV81,59.769836112788056
Title9UUQ3,62.83998238687396
TitleHMB3O,59.673957383332116
TitleBC20O,61.36478538842782
TitleYXY72,60.55886264216839
TitleV507Q,56.06621982237367
TitleD1JZI,56.52654111946213
Title0MNUW,64.63289039074861
TitleKSO5Y,59.374930347174555
TitleZ5ZLQ,60.18558356895842
Title2M7AV,58.10393365005329
TitlePQYAC,60.71650250046659
TitleN5OC4,55.67470040104285
TitleG1V42,60.16180978382622
Title4M0M0,61.461809453077706
TitleQBMS6,63.77912592880208
Title2LAUA,57.83831937146488
Title0GLCX,59.88343008324183
Title72Y5L,60.296468760749434
TitleFCGPO,58.03351508581674
TitleOMYPK,62.36237187519197
TitleBZMHQ,61.81023062274835
Title3MF67,60.999655870214205
TitleJLN3N,56.050816762889994
Title881YW,60.583009925696715
TitleXH1PW,56.99330130016116
TitleKUO6X,57.46457110959888
TitleRVF5F,57.301229852447015
TitleFS6PM,60.58990926887992
TitleBLK74,60.0430147921936
Title5SA8C,61.5091795985846
TitleQRM70,60.727536573205526
TitleD8SRX,62.06062406149304
Title30J3Q,61.88427099474987
TitleHD2QJ,62.10374407419699
TitleSEOJC,63.43466219612506
TitleFWTDO,60.795255959387895
TitleTL45U,60.74534541784489
Title3CYSC,64.49487002274627
Title777LR,58.412882440858134
TitleJKMVS,56.32104600963623
Title5SU1I,64.21665407004207
Title7OAQB,58.77847128392145
Title7JR4T,64.5215123811685
TitleOK4D6,56.57229589980333
TitleVWZ8U,58.154878630385475
Title2BFXG,62.49818407073113
TitleQA2XL,63.11392564680039
TitleCRJ51,55.67073611685045
TitleA1E4X,64.46276432940238
TitleKDPSC,55.97750486513004
TitleQD7TQ,57.86209060834725
TitleTXY5O,59.50975264074315
TitleEG6MZ,63.117580643990074
TitleS8CK2,62.82182482272248
TitleXDTHO,55.35547358427187
TitleY3QME,60.93166135337537
TitleSV0GA,59.69731621845849
TitleXP7EA,58.39917394495626
TitleUUFCT,60.7739400409842
TitleFJN80,55.963226689794226
TitleNY5WX,62.5576940323507
TitleRJ1CV,55.687135156370566
TitleN40KU,60.70738319525674
Title8HF4L,59.10912969215149
TitleWTQHE,57.85185836471159
TitleJ8X0T,66.54816709023987
Title5WYGO,65.25895535930334
TitleOX8KK,57.418134436470964
TitleZPRX1,64.59168076272661
TitleGRFOA,61.74962254414918
TitleV587I,60.310133310153354
TitleKW46K,57.13287601774193
TitleZJ2K4,60.00042525486465
TitleEPO7G,60.800825365757156
Title4KC4G,53.36750490636671
TitleSQ1UX,59.272641249235384
TitleXTSXA,60.172478029022756
TitleN9D7T,65.34914870609127
Title3KSPR,60.193836087792995
TitleBSPVW,61.03122885982347
TitleIZBD7,56.096945857445384
TitleH7U28,62.1038155732311
Title1OE44,61.61998865963718
TitleVT583,61.05019784044935
TitlePLYZ7,59.094276579412515
Title5ELG8,63.4354045717726
Title6021C,57.65942159464321
TitleD6QWR,56.9246876913821
Title25DXW,61.935717593515
TitleKQ4GN,60.69226478333177
Title212WI,66.86867606602533
TitleBLB0L,62.09653337076091
Title7D9HI,59.75051482188401
TitleEBE82,64.61345918402532
TitleV2GHR,61.73826292779065
TitleNEB47,58.439800494794596
TitleQKO2E,61.683479489939145
TitleC1EPZ,54.657126617817624
TitleW7GAO,59.60515246639033
Title4KKQU,86.78176016276478
Title62W3F,61.44825490780578
Title5P4GX,58.873010413190116
TitleXKYVF,56.68378840893476
Title5P66J,63.38167919922734
Title1EE9R,62.414842678021145
TitleXVCR2,61.781961073932656
TitleK44RW,59.48629644171141
TitleDWYFP,59.462929520335145
Title35K93,62.18885975117542
TitleD6C58,61.64654475249018
Title37QC6,60.0162150516299
TitleEJBN9,54.47082009821576
TitleID60J,64.34796075123342
Title5ZBJ5,62.8188585046646
TitlePCO6B,59.74672646658492
TitleM8580,64.78036680952684
TitleIAQL1,57.918855580522475
TitleWLCXK,53.42197055944013
Title5NO46,60.888891978482434
TitleAI3PE,55.52589211700386
TitlePCQZJ,62.574446339113095
TitleHMKTR,57.44447102617005
Title68F6W,66.09849555343968
Title2SOBE,55.613792865321265
Title6QIWC,59.92245777232442
TitleWO5WW,66.49880620128283
TitleJ6LKX,65.34831818293007
TitleEEWU5,59.673657059063075
TitleAX85X,59.396128606294596
Title443L5,66.64513197966815
TitleQC1J3,64.60783707881399
TitleNUPCU,64.04236236683423
TitleGUX97,58.06328258350649
Title5I6VM,61.02156556144383
Title728I0,55.437332522110765
Title96ZGF,57.63244374422185
TitleLU0NA,57.88173710178462
TitleEMAGD,67.29267915769097
Title9H3O7,60.46381889558801
TitleM3CS3,58.77304154621738
TitleP597Y,65.70986258046332
Title01DZ1,56.103197338839955
TitleLNNSR,58.27167615630461
TitleHOIHH,59.601970162416464
TitleGBS9Q,59.00660745197489
Title30FYE,62.167812758579814
Title2SUCH,59.74157562771196
TitleE9XI2,66.3287703318364
TitleDA82X,58.3364185503838
TitleYW8HR,60.27131272051714
TitleJN6AI,62.4902713613598
TitleH2MWB,61.18568317857229
TitleYQVSH,57.23738094539117
TitleQRZJP,62.41601032414641
Title24RUL,55.495583157277316
TitleCRE6X,60.61672900891955
TitleR43PJ,62.733298449417994
TitleP2K1E,61.392793230336004
TitleAOBGF,64.87184953512234
TitleHBYUY,61.701478939703904
TitleEVCML,65.06313507029242
TitleZFAPT,55.678475510826985
TitleYIUI7,61.261582429583726
Title1FPQK,63.13994622378499
TitleUJWBW,54.649887804809744
TitleBJYR7,60.40917732415019
Title8JTF1,57.6109565642497
TitleTZA49,57.42540930759378
TitleT1B7R,60.77682656388986
TitleAM3CB,55.31324816069287
TitleWO5ED,57.5871405788966
Title2TMWH,59.0759168923214
Title06VRW,60.23125560832725
TitleYV0UP,59.836604758620176
TitleO4V34,63.2499379901882
TitleFKSK0,64.75740062499722
TitleNEH76,61.99487446114932
TitleAVXZC,57.46797884951624
TitleV60DG,61.965318088741974
TitleUTZ31,62.93856474369511
TitleC2PWK,62.12626364496017
TitleE4HGA,56.723704274897095
TitleS3ZB0,66.40425536673877
TitleIP9KH,55.68193803812212
TitleCGSRD,61.128638221538225
Title5QXSN,61.7063885208323
Title5Y2T3,59.91933928895656
TitleWD6V4,59.452738196314286
TitleXFC6B,64.49182128054694
TitleG41PJ,56.87049018776468
Title8I7VJ,56.290412081178516
TitleCIF2Z,59.38433033457922
Title3V4QG,56.739393034151036
Title73XMP,60.30724195699329
TitleQLI7E,66.3446840141569
TitleQ7I7W,61.16131308026893
TitleJ4DQW,61.4861846073441
TitleKSVLN,56.040707621137486
Title6MJU4,54.768637215823645
TitleAYMCE,55.92340982432892
Title043KJ,60.45590841615408
TitleS0GE1,58.96546917547027
TitleZNARU,63.73218325507792
Title2PJZB,60.80296943548329
TitleP0GZJ,64.15346577113796
Title38AOP,58.6900034747005
Title2FI5G,60.75790058562207
TitleYMGMA,60.99869161529963
TitleAWKNH,62.243366852707084
Title5UDJC,58.35879965073437
Title8O4SI,65.70106557242504
TitleQAJYO,57.758596012530724
TitleV0DBN,56.87900953230615
TitleVZPED,58.551747665608175
TitleO1AYG,56.94832877875122
Title5P39E,63.60998712517787
Title108RD,61.31527862036541
Title1HV11,60.35394203728028
TitleREAXR,64.30473304293791
TitleYHGTP,55.22253333365418
Title1FBD5,57.364613357403286
TitleXIV7E,60.7134895000749
TitleHBD7W,62.140505283006235
TitleSNRI6,59.151595070345046
TitleJNM2W,62.01042045383019
TitleLT4SL,60.74337587519972
TitleAXAZF,60.24546316716217
TitleZWBNC,59.295758949423934
TitleQJ4WL,55.57030215084527
TitleCR7DT,54.69172628074766
Title3NIBO,59.47606419050987
TitleZL24H,60.084830271621016
TitleFQSKJ,64.89869018362708
TitleBNU2C,64.99927830932519
TitleKD877,58.97295598722352
TitleFQJXF,61.668718750993314
Title64GLO,61.451488796826375
TitleMSE5Y,58.12247120953735
TitleQZ49S,59.40612565841208
TitleJ4L5V,58.49813992123032
TitleFNW5B,59.356758480407514
TitleF9B29,59.0750161491974
TitleS1YFA,62.02592490952464
TitleHRIXA,62.06977947696321
TitleQ6MXK,61.46005010594219
TitleSUBDW,58.36972188960471
Title83RZD,62.60302498657404
TitleUZ1WK,61.0457338143334
TitleFXCG1,56.18055398506285
TitleGB31Y,55.87704606755889
Title4V7DH,62.87377595495195
TitleXKJOO,63.6226000698769
TitleL4PKX,58.44633657826957
TitleXJ4U2,61.43121005839927
TitleF5WUU,60.41795421838833
TitleCXS2J,59.05760738103598
Title3E422,65.11381320411975
TitleSA53I,61.776991791435734
Title4TW3L,59.98525487676539
Title2JPQN,61.240848885330166
TitleVGL10,59.96146475049394
TitleC0Z97,64.04657855752902
TitleZWGTT,63.857806085893024
TitleHRY59,61.61760145838153
TitleCA0PS,63.314699061353615
Title92JV6,58.68401947409207
Title921U4,60.875293610824784
TitleEE9YB,57.318152569290376
TitleUXYL0,57.85440780063051
TitleU6AP7,61.80261620810633
TitleEMRKZ,59.16507780825155
TitleIR8CL,57.00883192832425
TitleDR4D4,65.7953111868102
TitleI7MHB,63.884707406864024
TitleJYDUH,62.3282153806621
TitleOOHW2,62.36837833378424
TitleAA0K2,59.534138291750516
TitleQI6S3,58.92275926167684
TitleEN5WF,57.1496196060217
TitleASAWY,61.73537534501803
Title0XG83,56.342786271204844
Title7R23W,55.823595722868404
TitleWHX4L,58.19341256254415
Title1ER2Y,59.42278159070622
Title9VTVJ,55.510249734030026
TitleWRVN0,58.25041470492126
TitleN0LUE,65.72866605561526
TitleYXVMN,60.84459308315032
TitleQ0LPL,61.00886863377263
Title56GMA,57.55450081881781
TitleLI03A,61.858532434899665
TitleWZ253,64.19105582037236
TitleLXK51,64.37395490366158
TitleDGNUU,56.04331992771779
TitleMQ41O,58.726553333057915
Title25ZKS,60.84274223619131
TitleNR8HN,56.49641620542735
TitleCPVCW,61.59581718790258
Title8KABP,65.00283035716149
TitleIMHXK,61.87340341364224
Title7HHOZ,62.52289254718991
TitleMGECQ,59.41261007476575
TitleOQU6Q,55.16362336079773
Title3T8Q8,64.67514565179928
TitleH4R55,62.49076152009146
TitleJ69RU,59.24896644165898
TitleC7RYX,59.12788126909343
TitleURF8X,60.209913901093444
TitleJLQ0Y,59.78783650578827
TitleSZL62,59.11418086196441
TitleKP3U7,54.74453592431986
TitleTRE3S,58.634546846244234
TitleN6F2A,62.92437421757708
Title4LFA1,64.41120369923131
TitleNU02U,63.06457745031696
TitleZFXCP,61.55601769284631
TitleMMAZY,56.900554079933265
TitleYNGW5,54.91581669040745
TitleMMDN8,55.534570507987745
TitleJJOCR,55.71037266633277
TitleISH2D,58.2132207737545
Title6OWJL,57.327763621460726
TitleJE4O9,57.88057833543213
Title3Q4OR,54.28477134138174
TitleH0UQK,54.902635141234434
Title5LQOQ,63.823430095284564
TitlePN59V,57.746737551195196
TitleAIMZ4,62.11338196851328
TitleR0HQW,56.1652409762871
Title86L33,65.01706564164388
TitleN7R4T,58.30267062717648
TitleMAO9L,59.85112244609742
TitleY6XA5,57.27124058533346
TitleI8ERD,59.32370327874756
TitleUJYEL,65.0744229055561
TitleKYSRZ,61.96641850516062
Title7RZD6,55.38605578083737
TitleOVNNA,59.38453340498095
TitleXCW6I,61.546504161307126
TitleC700S,65.13744298425381
TitleTV7P4,58.09222969932778
TitleRQ5OT,62.36752419678124
TitleU6ACG,62.77364486292792
TitleP1WHY,64.5320053524691
TitleAJ8XX,64.44549570804774
TitleX99W6,56.23438078564693
TitleY1SAV,60.10078347840683
TitleID0JM,59.02300335724407
TitleLFI9R,62.449733871045446
TitleQ7FOO,60.26577068966941
TitleYLBWY,62.58101129464657
Title8SPUR,60.123157844127746
Title9HRQL,57.1941928940364
TitleUHPKX,66.0602616985536
TitleBLUPD,54.90735186677242
TitleS73N4,55.428417354293
TitleLHPZC,59.24678441811829
TitleKXZVP,59.55049864836447
TitleQ8ZJ5,60.948877709308164
TitleVQ58V,60.69510884094414
TitleRCGOM,58.0457238496179
Title205FL,54.39760305014427
TitleQ0JJA,58.55653656642695
TitleNKJ1P,59.98230246140342
TitleDL5RK,61.47523713993969
TitleDXHHB,60.9640237823862
Title1HO0Y,63.113994563769424
TitleR0GBY,66.1285769169482
TitleGW5DY,61.546517259078726
TitleZ6KT9,55.156333685614975
TitleA5BKG,60.30330485834624
TitlePSZTQ,61.79621453944674
Title3VAP1,60.65358433786248
TitleULTS1,57.65993646212697
Title280ZR,60.74047453541675
TitleW4DV8,58.544515584707014
Title0GAD5,63.55201173326701
Title1N8A6,59.37090055482939
TitleFLH8A,61.990609519017305
TitleH23CM,61.521402255581634
TitleT269F,58.74541340775098
TitleR5U46,59.676892201726496
TitleZEREP,60.72614685854821
Title7HJF4,57.29886860948347
Title8PQZL,55.057517757363115
TitleEGIZM,62.21974953731677
Title408P2,55.90369129085094
Title8GRU3,55.594452688930105
TitleW1T1J,57.23880602631354
TitleJISI6,54.50110017225932
TitlePCZK5,58.36162328197684
TitleR6W9K,62.18303383697932
TitleS398A,59.199760560827265
Title3O3Z7,59.13120741935089
Title76D08,62.677268208464895
TitleNXYVG,58.73893810119401
Title1ZANJ,57.28650051999107
TitleY3W82,56.82236183469401
TitleY7YHY,57.86749302935755
TitleXX8MH,60.768707967510665
TitleUO1RJ,62.90736883077537
TitleW91AR,57.96696771454686
TitleXTQNO,58.5180440660061
TitleKY5CH,62.33632302004162
TitleK5PA7,64.14748992598679
TitleMNYZG,59.36492219866511
TitleFZWCL,59.43338987143261
TitleRTETD,59.99953988288733
TitleRM0AT,58.63064055884492
TitleF2I93,55.86564772691213
TitleCGK0T,58.29121466463792
TitleLDY20,63.61688590478693
TitleG7ASQ,64.38420594677211
TitleQ0LC9,62.37646349640855
Title6F1QJ,62.804784410395115
TitleNV8HX,62.18580398708352
Title5RB1Y,58.559415289401755
TitleZFZU0,59.54989339403102
TitleSV3V8,63.9831661236109
TitleQ0D4D,55.99322485493398
Title1N86W,60.109474965926246
Title96N3Z,60.3930773505228
TitleM1RQ5,60.06251894266265
TitleFZ9P9,58.5117792030122
Title5TEF6,59.81687640688283
Title2JDEQ,61.7081449971371
TitleDT2SJ,63.13965384740261
TitleUH7UE,54.664911123579685
TitleX8GD0,59.68142890338888
Title39FPS,57.571607143728464
Title41VTG,60.046997580303426
TitleGM3Q4,65.44369123285081
TitleJG6EE,55.52956612911432
TitleB59S5,61.16331973988188
TitleM5YGV,57.652864559238644
TitleRDY6Q,56.872677951582844
Title2DZSU,63.58720509730211
TitleQ6AE6,61.13533336165781
TitleXF7WO,56.5572814216569
TitleQUNLH,61.425824514658686
Title3XAGQ,63.291084690892596
TitleTJYTM,60.401169772771354
TitleMXYD9,56.86859975242835
TitleZVEUN,63.713142092711884
Title6I28C,64.5691812606701
TitleJVPCM,54.49180453537148
TitleKMH84,62.23717689971219
TitleUZH7Y,61.830507566915514
TitleJT4D6,53.97966637779647
TitleO6I2Z,57.13240858664591
TitleKJW77,57.772959601979785
TitleIS8WY,57.1539090446442
TitleDBU52,58.98599066106945
TitleX53DD,61.89024262190562
Title2U4U7,64.44949960076373
TitleFIMG6,63.842690153946364
Title84QHN,67.81090775648184
TitleL1CUK,65.51146254183118
TitleCKTYO,61.641922919102235
TitleA3J06,60.7386451922655
TitleSA5JQ,61.95236899392056
TitleVTIQ0,55.33253877186527
Title20LYN,60.76462189024884
TitleLYJHC,61.52184117694017
Title79OW9,57.21174956388685
TitleVDS21,62.96343467799619
TitleL2JEW,59.22741774038877
Title91TMK,62.855461189396095
TitleNQ6UW,61.99357771347071
TitleFZGVV,55.43062872863522
TitleRJCDZ,55.459316821261105
TitleHHBDW,61.57825264392046
TitleSRVI6,59.95029944373983
TitleBKT65,59.69977303685866
TitleVG340,57.87197442901964
TitleJ7HCY,58.121567028996864
TitleZ96R8,60.99585402041837
Title4WUD8,59.60131176701861
Title2BP97,59.957356509339924
TitleD1HSV,63.15970542412485
TitleC2UUJ,59.67850205217467
Title9G7Z7,61.14766000406721
TitleI1KEN,60.5050535108532
TitleKPLT4,58.77917990141837
Title4ZWP5,61.7237355399057
TitleBS0WL,51.91670633544225
TitleKKWCA,55.3489947498336
Title0FU5S,64.68206307229963
TitleE0KRJ,61.1484849791558
TitleVVRFD,58.164756300387666
TitleHT658,65.37006886437588
Title852B3,62.938725119734784
TitleUXIF0,59.7613419301897
Title9JWRB,65.15806400479327
Title8UR96,55.47595490545236
TitleZ7KJ0,56.37737228852781
Title8FJ5H,59.723459044726134
TitleHH06V,63.32749255048775
Title9I3T6,59.52857966388092
TitleF8HC1,57.7141389078255
TitleON8DS,61.728479647211465
TitleSAZ3H,56.52409845224469
TitleDYABC,65.02392143329844
TitleW88NY,59.875683929334116
Title82CIH,56.60403707786071
TitleO56QD,54.843716106855005
Title3MLCN,61.685608621733834
Title7UY6H,60.06320467764703
TitleDNR3M,62.702603634756436
Title7B6CX,61.780429752959996
Title07MM6,60.41892208657535
TitleI9IAV,59.68114451327248
TitleYK4LF,61.51396659530892
TitleBQUYG,63.78383593809345
TitleRV8BW,58.98268376245231
Title5ITDB,61.442777958240335
TitleW76GX,62.53571102127029
TitleB729Z,58.694283591228924
Title6YTWX,61.06128301683753
TitleQ8BFC,60.41821546120447
TitleV27SW,63.343664458855145
TitleLDP9Z,63.25377670192996
Title54BZJ,60.810175248063366
TitleK9D3B,61.227442238603345
TitleAAQG7,62.92415784155942
Title2WVH7,61.10143070213992
TitleQMG6A,53.894604298090606
TitleOHTAM,64.29519631702736
TitleV03GG,60.454836313865044
TitleWSZ3T,60.613862699900935
TitleAVXHK,59.71066173980146
TitleVTXCA,55.881815769142435
Title7941F,62.46245496303668
TitleT93VF,56.914931382114744
TitleED8J4,61.24872956184673
TitleBNIB0,55.74745037989709
Title8L2FQ,56.65350146728001
Title013WA,60.68636264955011
Title6U8JD,58.7057663452335
TitleIZ79K,56.532083368491996
Title5PLDW,59.178885642866405
TitleXUBFQ,56.266040810644334
TitleXQ02F,61.609028990146925
TitleA12R8,61.409873373936854
Title2CV9B,56.16548106735772
TitleU8E3D,59.25708165124298
Title9PCE2,64.44863734102151
TitleP0FXZ,57.0714958797145
TitleCFQ3K,65.99262494810601
TitleMGDZ8,60.7350661075661
TitleIG909,60.10575829133376
Title6JM16,58.99023367631976
TitleAGWZH,58.12461821291145
Title5DKVV,59.59780149976993
TitleFFUCT,57.87186449454374
TitleGV7XI,62.42273859303153
TitleZL409,62.30458811408618
Title31RSX,56.06651354056462
Title3JEMA,63.8492032302172
TitleZB5U0,55.75915365532465
TitleM109I,60.5690290000989
TitleU7WEV,60.551204314565744
TitleO3PQQ,57.656310223475145
TitleVDD91,62.82919569350248
TitleOJV2K,56.22519687778976
TitlePLWWG,60.82949611519848
TitleBCQIN,57.86543120040479
TitlePKRME,61.72991278493942
Title9IF16,59.61209014651134
TitleNFJJ0,61.50353209031863
TitleS0ZXM,62.51734426426677
TitleVHI07,60.01180318070084
TitleI6DYI,60.66550017987024
TitleZQRIZ,61.20791212062955
Title7APVX,60.72229483752404
TitleHFKTG,63.18302571231462
TitleGUFXV,65.457016452265
TitleN3VPE,60.059820500162616
Title31RKT,65.22373188100123
TitleY0HVR,59.65540165737357
TitlePQ5SJ,57.515801406048496
TitleWJZHU,57.216407580194314
TitleM49YE,57.84088709940822
TitleUMLYA,61.996871839102134
Title9BHDG,56.10170607549466
TitleBSAAD,62.07531630621792
TitleE0CW3,58.832622719549036
Title73ZNE,60.08612596295695
TitleXZSVX,64.14710267644762
TitleTBE5E,60.47885011517187
TitleXNL80,58.50188539186496
TitleJSMS5,53.37166277528867
TitleQ9F4N,54.241123646141915
Title3PIBO,60.811241009052765
Title9NZL7,59.687149513687466
Title7IIH3,55.995040835227556
Title57ZHD,57.08333032215955
TitleM217C,60.204117191916495
TitleEDOCD,63.418696898442136
TitleMEH6X,62.74296693768008
TitleDUQ23,58.04914816478977
TitleDJKZD,64.13878502453082
TitleK3CB0,55.15362130769428
TitleQDGJS,61.34695800876522
TitleT4ZWO,57.44348512913656
TitleE38OK,56.243932071004956
TitleSQBLU,59.74809813185738
TitleLPIH0,58.690160627498955
TitleEH1XB,58.706884326622365
Title9LMWD,62.873464944555934
TitleIY4JP,64.40993573121673
Title32BHO,63.27664693926272
TitleWRFTS,62.075547366500146
Title6R8YY,59.84734883499107
TitleR4LB9,56.091008032940636
TitleE1AWV,60.92699813656483
TitleH7YB1,54.95248852401751
Title719HX,61.32914275485614
TitleESQPM,63.263882344672155
TitleOZOUT,59.30293027956198
TitleXKOLD,61.27689680286064
Title4ZA24,62.73642405218937
TitleLQHNU,62.079689619462485
TitleY9IG8,56.35069824016343
TitleT6ISM,60.588542211415906
TitleA6121,60.201907199989975
Title375P6,62.87638416339203
Title0I86K,60.47961210504396
TitleVIVN9,64.38981724496786
TitleOWJAW,63.42807210832975
TitleBBMUM,58.035995288153345
Title9VFH9,62.85593280908737
TitleR11CX,58.0042557561399
Title82DQ7,57.189786234430954
TitleIVLS7,66.06787712178073
TitleVZIVX,58.0485523107169
TitleMREEV,60.50492172877492
TitleZLTMX,63.15916545271504
Title1KYR7,59.58905699570243
TitleO0AIE,63.873562523119205
TitleBE5HO,59.38839292278848
Title85EPD,58.474834987507776
TitleUAJOX,66.85387423001264
TitleKXLZ1,60.78504347229516
Title6SVNM,61.11332160638134
TitleIJNJZ,60.77057859271328
Title9ZE5W,58.99843132319737
TitleMPJT7,59.64614808680679
Title9A9O6,60.246298452183495
TitleIU0LO,64.0520049141047
TitleVAKQY,61.70204148375421
Title2K1OA,57.49099327733064
Title72SUU,63.252081524569455
TitleH1PWT,63.90619585426918
TitleQY76J,58.47946093025937
TitleKDURS,60.9139746953518
TitleZA3HK,62.93158166196183
TitleYAU4L,65.48450982884695
TitleCYJDK,62.05463893268344
TitleKANYG,58.698775845193005
Title1HQYD,63.8899517793644
TitleZTMJJ,61.38324753888481
Title1L5SN,58.14114977607923
TitleZ5ZYD,65.34908894403624
Title6TYUI,60.10734632237285
TitleBHSPR,57.67022559716805
Title4B3IC,63.121148387977726
TitleH13PD,66.6374025465177
Title9V62Y,60.981530581378735
TitleSAMZQ,59.27165647616153
TitleQALDY,65.69251614948824
Title87TBE,62.33613958176193
TitleAWG5Y,56.019318878834156
TitleYKL1L,60.62139590093235
TitleUXOC3,58.17556674971507
TitleLRKK5,55.54169011776421
Title5IV1R,62.07383823376605
TitleRSLKR,62.095479612436435
TitleNYKLA,56.76276906463604
TitleXU29Q,63.57052915632228
TitleXWKBQ,60.432115880533686
TitleLPACI,58.40898897714236
TitleR9F1M,58.503725639169076
TitleQHTDD,57.283965832874436
Title4FRC1,57.162211916977064
TitleY1IDY,60.311419518467936
Title9RQ55,59.2267917872786
TitleZHCIX,61.16935468459009
TitleOCI7Q,59.382968377461836
TitlePN8Q4,57.15823932610292
TitleAULBR,65.25714523705398
TitleHVKUX,62.49971075143438
TitleMF27R,59.21729457346646
TitleEEMZV,61.87090518955889
Title0DBE8,56.26803334504227
TitleDKL6N,55.70721805281759
TitleK5NCL,59.09774298525882
Title6HL1Y,57.36862621306323
Title9JHMK,59.029149340030315
TitleY9SAK,60.73622706497025
TitleEL816,60.60174253936202
TitleGBPVN,54.86447586082846
TitleBGCH2,60.42876845406859
TitleD338P,58.802848838998976
TitleESWIC,58.79877162056436
TitleHJOQV,61.37163379345261
TitleOU3NF,59.21324803816137
TitleRVK2Q,60.21529979607013
Title80F7S,56.356568673662395
TitleEP4N9,63.58657438441702
Title92JGX,89.80504617794375
TitleLKGP0,58.06725276237874
Title1T6W8,65.14012563589189
TitleUBYP7,57.51834043477061
Title27VTQ,59.56683221993681
TitleUGIJV,63.49717304802184
TitleK9KZ8,55.717323870853505
TitleDE9J9,58.22254353614219
Title9BIKV,59.103744700926676
TitleL4JQC,64.43031485308555
Title8X1FT,54.08217372693581
Title8XQ8J,59.25823695700523
TitleHDQKC,59.449629320361375
Title2NJU1,59.905265194371644
TitleJSQUT,59.60485298794341
TitleX0SS2,59.64958556723453
TitleO64ZW,63.75200603381323
TitleODYJX,56.25737464805265
TitleX2GH0,56.952523944821664
Title3R3GZ,65.88585811283927
TitleIPLGP,62.48068020036814
Title2ML34,55.9823148652354
Title9IOB9,64.92705821223831
Title9E343,59.25058336748729
Title3RKQV,58.23142204831716
TitleAEYIF,55.15402857710614
Title1ZZK6,56.7534750881069
Title9248W,63.65078487676085
TitleOTY4L,60.97925911404091
TitleNIEBG,61.78690092509569
TitleJ5RYP,60.544835133351434
Title58W1F,60.68638227484436
TitleJW6MX,57.36252033536394
Title1NU6J,59.40174064844273
TitleAA8Q4,57.249991340467254
Title0ZIU0,60.586562543195456
TitleRWTCH,58.20377321746049
TitleZMHRB,60.95527060714335
TitleTWH5D,62.53202171595692
TitleQ2TLG,62.33473373111347
TitleITK46,64.31568148838723
TitleR8ZKN,62.28044631038613
Title0UAXO,65.52337219208717
TitleM7ZNX,61.37187392362936
TitleUT7Z4,61.486542121349615
Title2GENZ,56.153333446742636
TitleTOSC0,57.00625865394221
TitleN3HOJ,60.31743367079104
TitleA9OBP,60.66214767055398
TitleX9YLI,63.266550946243115
TitleRGN7H,59.1275828330406
TitleQ87RT,57.50719853424954
TitleG8IJX,59.79522496708826
TitleQ28IV,60.92372702809127
Title2B84M,57.34994699433509
TitleHNM1N,62.09360855244298
TitleJ7ALN,58.851942931492786
Title1F9JY,64.67612514307514
TitleMLWOG,60.51933459048747
Title4KT4G,61.01659712980748
TitleSIYFQ,58.90771689619625
TitleKTRH7,59.65604921217966
Title4ZEAS,55.57566852666228
Title58LHK,64.45052960334668
TitleCMDBW,59.44004152998693
TitleB05O6,63.929145142538495
Title2RBG8,58.078995104909325
TitleZPMLT,61.345700390550576
TitleNCT73,61.80039956767617
TitleRH0CG,63.01164211421327
TitleM81TL,59.72957843484381
Title59KR5,61.29713417155012
TitleX5F33,58.74111243832257
Title177J6,58.79602553845375
Title48NBL,63.01223634925614
TitleAB617,54.37942498119593
Title2ASW6,61.037051295170016
TitleRY53W,62.219426862310854
TitleDO4IN,57.14687180707044
Title1IFKE,62.18287611616119
TitleK6SAM,59.16922502261074
TitleHHZ3W,59.647890756390275
TitleZSO2H,58.84748713682601
TitleK5HUB,62.05615261351173
TitleQ2CQP,59.05307596161618
TitleP1P2T,59.838192386060676
TitleVAP78,60.98352635652494
Title1ZFZP,63.2846678458784
TitleLKNOQ,63.146602372690914
TitleF5M2L,60.786191879812165
TitleA3JWQ,58.295199533971775
TitleKLE8B,62.10807029060712
Title24VWF,60.040193680189205
TitleY8ZBM,57.89418665834517
Title9PULP,56.54878474733924
Title3NPEW,61.618373810618046
Title91S6N,56.47291033854478
TitleLG9SG,55.89232132307795
TitleXFDU5,56.592434646766606
TitleAZCMZ,58.43162017215806
TitleFNCL9,62.93733453608327
TitleZ71MW,64.62265389715527
TitleYPV5U,56.184302827373905
Title0PFVJ,61.0132129818443
Title2J7WR,58.45960522581255
TitleF9TI2,58.08795202966277
TitleAB70M,60.35012712086757
TitleDCD90,57.9171927804809
Title4N8HW,57.78493650181378
TitleF5ZFB,59.035670325613204
TitleJ2AV8,58.333527263075524
TitleF5C7V,61.676373220115465
Title9HEI4,59.384693854791095
TitleV64ZC,61.567192847468064
Title5QX7S,58.67741082229751
Title7D6RK,63.12671052290176
TitleA6QC4,56.75775972836986
Title1JMO7,54.79792300070621
TitleFJD5Y,57.812804311857356
Title4J8LW,63.25175676459345
Title5YI5T,58.066475781350064
TitleVNV55,57.785005617276525
TitleCSCQX,59.682532639340906
TitleAZKWI,59.29447326941003
Title1AJ2I,61.87687135787261
Title322DK,56.92770252468933
Title9HAQC,64.78930234411314
TitleRHZ7L,64.18879400077402
Title0CZQQ,60.95880110981839
TitleLVY1J,60.98769374752122
TitleACDIX,58.527692502783275
TitleHQM9M,59.045450771892746
TitleX0MK0,61.68713455152469
TitleV8X3S,63.45167895027961
Title2EZYK,59.39043219829888
TitleHHNNF,62.428563385779306
TitleYOYAO,66.36614281268331
TitleIQ98O,63.186967332908985
TitleIHZ2E,57.94429632657861
TitleZ5J52,55.90359710502829
TitleRGHOI,58.61191146834188
TitleIAGU0,58.508401674218234
Title023FO,58.39176573219484
TitleVXYK8,54.38274989725394
TitleOMDNT,57.788294666049026
TitleCZN3X,55.61365223624031
TitleOY6SX,65.52647343606017
TitleR4ON4,63.8175429897105
TitleWUK8H,60.03415723291473
Title9CMQT,57.67150086863768
TitleW3LFX,59.803163831975134
Title2GITH,60.433594664336304
Title19E6A,66.01303681222889
TitleYOECY,56.88809958428496
TitleAZSA4,61.218883962375564
TitlePN4UR,63.80537570501805
TitleY4YQV,54.85465154759937
TitleORBJ6,57.81121379788411
TitleYD7LT,63.56686486938668
Title8SL16,62.27625699802438
TitleXI1UQ,60.3042831422473
TitleL581I,59.461889215861625
TitleH91AX,62.87639195103239
TitleLKVIM,60.98427438340905
TitleWAUBR,60.56027766961252
TitleUHMTR,61.96835109345282
TitleZUF5M,62.389152360045244
TitleJ9J8L,65.57738830797224
TitleDYYCE,56.76174929771784
Title8N7XI,58.48375283547369
TitleAWLB2,58.72784392121235
TitleXXJ1K,58.964276578552024
TitleZF0SP,63.973800649581555
TitleWZ08A,53.02606215025218
TitleRHL71,56.131608328224665
TitleTYKX4,60.23662691811208
TitleD3RDH,61.19540816575624
TitleDXUPU,61.91422029675219
Title5L2C4,56.408052890503534
TitleSBS1A,61.13616674220239
TitleQO1HA,60.91342712616671
TitleF1GCQ,56.999846676925415
TitleN9TKA,61.375403770573854
TitleO08LI,59.51069730356332
TitleKDNOY,57.34729024030354
TitleAIU0F,58.844947863678165
TitleIFVXB,56.41497697540035
TitleT5EG9,61.96583204114189
TitleYOP1K,59.03385453954387
Title2QY9H,59.97128001768719
TitleAEVPT,56.33133295593216
TitleAAW85,63.36587426066686
Title6NA9A,63.38587620554716
TitleY8YY5,58.67113840434939
Title0UG9L,60.876680978899195
Title1ID54,60.114763076369144
TitleSMXVA,63.32005351571066
TitleIZDBA,55.815398762024465
Title975KB,59.92364365051378
TitleECHPD,59.38076078273444
TitleOBCLV,56.84600410101199
Title68J6T,62.393114289625096
Title4S2QY,59.65818073795008
Title5JGSD,62.273538765501755
TitleALTXY,61.02729214025988
TitleCWGFU,62.157184611381815
TitlePHHD0,62.74073175503228
TitleKWFTK,63.318603112193784
Title475DZ,63.200273544042915
TitleMTJM7,64.46689709219365
TitlePF61Z,63.894243130308155
TitleBJ2ER,60.3593309482423
Title50LYV,60.284868181904805
TitleH3HUJ,57.13596061608622
Title7IMHP,57.68461003969673
TitleCMKW1,57.14771328446748
Title933SF,63.98437194886927
Title7YS1E,58.01691551556115
Title7EGA7,63.30215458778976
TitleLA7DV,59.920251696215324
TitleDL0DO,65.32789582394979
Title3NZJ5,60.269043417604166
TitleZGOLB,57.388220454293695
TitleLMEVA,62.774772381861354
TitleFP0TV,59.47555383344469
TitleFMIE8,60.345911210287746
TitleJJHXW,65.65924787573839
TitleTVRI1,57.53293228700414
Title3XYTX,59.98945955381337
TitleRE4WS,63.244311842109916
Title3QVNA,59.53142422299642
TitleCUD6G,57.928145255143114
Title1Z5EF,62.73485682531538
TitleEMZJH,57.86183682715544
TitleMIMHZ,56.873868746374605
TitleE3N7P,55.454914062946266
Title9CD16,59.4674751799932
TitleDOTV0,63.89618219271403
TitleS7YMO,57.12036918394002
TitleH9SN9,54.20771845466814
TitleYPB2B,60.64513596689084
Title0XTGZ,57.805334566840656
TitleHR7DD,59.5708379551834
TitleCQ4UW,62.77511165919417
TitleZFYTR,57.00653019023068
TitlePW097,55.49512637556653
Title6U3HV,64.03048896280343
TitleB1B6J,64.7379991756125
Title3UAB7,58.55306017791132
TitleY3U4X,60.067680537590036
TitleEXMHJ,58.60111071531345
TitleZSF9E,59.6145523802495
Title6Y3XE,67.50881423029159
Title7QMJP,57.44562401274297
TitleU9T6A,61.97172199170521
Title9WJB9,58.29167872029206
TitleF0ADH,58.59467628290801
TitleL28X4,58.25105536945146
Title09SLQ,55.18028206632382
TitleGLYDJ,60.679723013030326
TitleQIR2V,64.04968179743376
TitleD0VTL,58.59822263990248
TitleT7QID,60.31982996840804
TitleNGUQY,60.37426177453527
TitleG86YF,57.552328481199964
Title23IO7,55.850275507457035
TitleWQVEK,64.86406441731886
TitleQPHUH,56.24335633603518
TitleKP4G1,62.288276541830086
Title5R18L,63.21230797542255
TitleJRGCZ,60.34663929881005
TitleQ9PBW,60.63449489852586
TitleROHOK,60.10255929998418
TitleXNCK8,63.966312005494146
TitleP6VI0,62.02548912683323
TitleRV2GZ,59.65930669186069
TitleI0P27,55.389057766313854
TitleMM4KT,54.781890695021566
TitleB9XZ4,58.88044391262722
TitleJBD8E,56.49445831512088
TitleO5VGC,54.766495828388415
TitleX32XH,61.96098972723119
Title1U11U,59.450538189459614
TitleLML3B,59.072100233469286
TitleO00RJ,62.48418051567773
TitleSN96Y,90.14737307469636
TitleKA948,56.21172099996323
TitleCVPNF,59.51386896851453
TitleFWMH1,54.923095261970786
Title2PTU0,62.655464971385186
TitleN7CXE,56.42071984209346
TitleH6PYI,59.47770362572449
Title1WBHS,61.2529690567848
Title9BDFO,56.563967400346755
Title2RE9J,58.168392524449246
TitleO3Q5A,64.81853115289209
TitleDRRFS,65.87860048035692
Title5KQ3S,64.77354502857895
Title48Y85,62.119695118098136
Title59YN5,60.19126001409809
TitleEMYF9,61.831374344663395
TitleC5GU4,54.827282518281116
Title4VATZ,59.389616014143996
Title7NA9H,55.23678972019965
Title92PQJ,58.168533854554354
TitleW302Q,64.26709565677422
TitleD00ZR,56.4315867083662
Title70LI7,61.18082474259374
Title2QB21,59.68553546530704
TitleNUPWA,63.60190232947713
Title5E9TK,61.09067251506333
TitleBQICI,60.20790398582143
TitleMKTT7,60.096570446061776
Title53X6Z,61.12533066129274
TitleT3R1J,62.74642914923657
TitleQ3FS0,59.13982431249339
TitleURBH7,56.079889019948794
TitleJLPX0,56.32444953567067
TitleSM0HS,62.31205509726159
TitleJ2GWX,64.1155757492437
TitleNAF56,54.302339328835735
TitleY5HE7,60.661065739616
TitleBJ7S9,64.29736524706468
TitleG2N7R,61.23890793894919
TitleOFK5C,62.64456155368317
TitleII03Y,62.03423543168229
Title0K217,56.08419711422049
Title0K59O,63.822002937531174
Title8NITG,58.12156750246412
TitleKVY3W,54.55131406171633
Title6CDRU,61.98079692177578
TitleCER71,58.54284549593729
TitleSVC9G,61.424957670130034
Title33K91,61.69564711107469
TitleTZXYI,61.743776687496045
TitleU5X9V,55.481997993845255
TitleGVZWF,57.06650650419078
TitleDMING,66.24684728782805
TitleKLOX9,55.5039696850172
TitleFR2ZC,64.11542269344125
TitleN3TYW,65.17747814336383
TitleVS1Y6,61.44568329625578
TitleHJOH7,59.72960026707045
TitleD9TXZ,63.85048448092072
Title9EPDE,58.9199322442356
TitleRKYAC,62.34885985564886
TitleLMZ1H,58.907782222722226
TitleLDSLR,59.39474808272756
TitleBMT80,59.759464940237095
Title5E40D,61.11560896107837
TitleDVNA5,60.679165457136264
TitleH21KX,57.89073847988363
Title6EWP1,58.98127723652309
Title0FQTT,66.15300446787245
Title3QXI9,58.25338753843954
TitleVEJGJ,86.32448822641399
Title982EA,65.6473902511321
Title00Z6Y,57.693303219568875
TitleRJK37,56.62033980631959
Title7M9YB,59.547472316431985
TitleX21QG,54.36998277877856
TitleP1LW9,56.865963877883225
TitleWH5JN,56.93477517720484
TitleMDJBN,56.99566454149376
Title0AM7W,58.53642630947677
TitleON9VQ,63.33778326504478
Title1M5HJ,59.69896949808293
TitleGAIPV,59.60579010641762
TitlePU8YK,60.825967902217705
TitleT48HB,67.15130424146717
TitleRFQM2,60.34455976142951
TitleSYGAW,59.966248892558255
TitleBH0VD,64.49178129732542
TitleWF5UF,56.40760729434881
TitleG4KL3,64.27344691646921
Title88KT3,61.56123180616182
Title0YJOF,64.90905134508465
Title44M2Y,61.061995494311226
Title2SQHX,65.39577047526795
TitleNBDFJ,61.13343598528488
TitleE01MZ,62.89326893382341
TitleDO9SK,56.80918495862852
TitleYYTTB,56.418147182249136
TitleUO38W,62.39726254698228
TitleCB4WC,60.42890608717706
TitleCY39N,66.29935419998702
Title4T9TO,56.41653618036775
Title8POD5,59.64957773419166
TitleHK0BF,59.30927803493644
TitleDNSAF,63.113450770512756
TitleYGX7S,58.27546822789379
TitleH0QO0,63.768293631511185
TitleA8V1T,65.80096972832403
TitleWKEZP,62.02859181791611
Title6DUW5,63.14681484716719
TitleNC7PU,58.81611480531961
Title8PB1R,56.76008539248569
TitleTIE51,58.86665754436971
TitleY8A1C,56.227323464455154
Title6K5J4,62.84828427514729
TitleNB01M,61.322541861186075
TitleNJJ4A,56.300170474472594
TitleYB0J7,54.013575808943926
TitleXOHHA,62.28778686482897
TitleZVMQ2,58.542024736485715
Title0SZNQ,58.17991518239411
TitleRQ0LY,55.50014388027269
Title8F271,56.529606484923974
TitleXQ1VJ,56.31432527711294
TitleRY9PW,61.17204867286927
TitleD2PQJ,60.65062046780037
TitleW5UO5,59.38567295888941
TitleOXCQI,59.66132419678073
Title5FVH9,56.05844427818672
TitleDAP2Q,63.06050280959857
Title8UT4U,55.258697367059185
TitleZ57ZP,59.11593164432002
TitlePL2LF,56.53992275731097
TitleS6JJC,59.03236783132171
TitleM4TAB,60.00120581184933
Title1RN6T,58.97384544696612
TitleI86XF,56.571118050258455
TitleTYSUA,60.48391198810958
TitleUG3QH,60.57393805482231
TitleI4O1J,63.97784663157091
Title7NIO5,62.68609267389035
TitleZ3MF1,59.96014067634722
TitleX3IV6,61.99142400888297
TitleNOCNZ,55.37132027528488
TitlePCY3C,59.13798993042931
TitleKZ7TL,58.80799324731548
TitleH5282,86.63290801113868
TitleDPKCW,58.93382538234167
TitleQHFL7,58.85872643597915
TitleVI5LB,60.958521039971934
TitleMH112,64.37539916288996
TitleLKN5K,61.78102480300018
TitleIJ2I5,57.02667704518889
Title0ZLP6,59.00676720770282
Title0K4PP,60.75810875516718
Title44ZW0,63.6316646777112
TitleP610W,63.2084479664703
TitleBN2FZ,59.85795217002892
TitleIAZXQ,60.43685474084815
Title2N7I0,59.56984518630999
TitleEWZ0I,58.13890645200152
TitleW6T9C,61.3213183527085
Title2XNIX,59.37422825245594
TitleHMFD3,60.91279696670362
Title72UTS,56.68467242188143
TitleG78PL,58.530939185438676
TitleAF256,60.967867532377824
TitleDPNW9,59.02915978642212
Title41L4W,53.508820292928164
TitleLICVD,59.4270900463906
TitleN44AZ,59.86514156150238
TitleDRALY,54.797304647002484
TitleDMT11,62.91065557810208
Title4ATTT,60.129041568082286
TitleLE5PR,58.04414961011415
Title50PKJ,59.180303041697115
Title6XUBF,53.93599312203874
TitleNISFK,60.88663963827098
TitleB0IUQ,56.82411793964877
Title5TADF,61.55147868149047
TitleFR37S,55.31521545014908
Title089DL,65.3772626567495
TitleP66TX,59.69964127411751
TitleACX2I,62.81940524297447
TitleGIA9P,56.80278415707939
Title797F9,62.37054506779075
TitleAX69B,61.822791165384494
Title7GLBO,61.21872099686622
Title1CMC4,60.737504304481874
Title9T7UA,62.52049752589973
TitleMGDXO,64.17748412927469
TitleZD3D5,64.2804268404546
Title1H9P5,60.41792527200158
TitleW2581,59.00949465529341
TitleF698Q,59.2321397107676
TitleUPPES,59.02713293188725
Title7RFRU,63.62764895788578
Title47TZG,56.05866379043456
TitleGDWO6,58.58640985706492
TitleCP8LA,58.71278827871228
TitleQ6OK6,54.13280408933634
TitleHH40S,65.99616247888804
Title7U4FB,61.824573581096196
TitleZNY1X,61.7153967576223
TitleFOX2L,59.66760042673217
TitleBV2OI,54.38271893095991
Title6FDM3,60.54374695716582
TitleW9RRC,57.724397684419834
TitleQVDQ6,65.28692519208016
Title7AJXS,61.42793523421602
TitlePRD8L,61.587845920465185
TitleU6LVE,58.47976357308116
TitleQ94KP,61.4229949062852
TitleG7EA3,58.932939929239616
Title23V3R,55.33569462334592
TitleWH83M,53.81205822159868
TitleZT7IS,55.65213097592802
TitleE4LN6,59.07128907584595
TitleI1NZN,59.971275094419106
TitlePYUSE,61.9009168316983
TitleN43XI,60.80942740229495
TitleRMEXM,60.68698832912275
TitleMFQKI,54.905509539849284
TitleWD36X,62.36453763188967
TitleL6DQ8,55.94828274240504
TitleW8S9B,55.69165588226963
Title7QAV0,60.71684126630306
Title1BNP4,54.790050788062494
TitleW7NTM,60.96524652700444
Title7VCYO,61.089464766600756
TitleORDFV,62.89887617497298
TitleOTAI0,55.30573762616724
TitleGWTKF,60.75741002337444
Title6IWVE,55.58210857348892
Title6037P,56.80268665963358
Title49OUK,56.02189562173146
Title6QU1Q,57.37744565406653
TitleG8NXX,58.502335293880236
TitleHGNI5,56.918415992962466
TitleI15H7,57.42535055230631
TitleYTG6A,62.577192350419104
TitleZSJC8,62.01908615051767
Title3ZGDR,59.781433073067525
TitleR6M7G,62.1682078202125
TitleTUZMT,62.2435479988306
TitleHKIY4,58.604915133203455
TitleAV8ZD,62.666533636440626
TitleK1ZJK,57.28852818941799
TitleMAEQD,60.95448403242591
TitleVPKN4,64.68222560217127
Title2IRBG,60.6513793975601
TitleB5F4T,63.36457790566255
TitleZ9EFX,57.91982549924341
Title6ZEKF,59.85555913102771
Title07DWS,61.40316342994499
TitleU4JDP,61.37697331949468
Title6SHHD,54.86729626043085
TitleHBWI9,62.0884814671531
TitleGAIRZ,63.31217359613681
TitleIG32W,58.87614741136551
Title12SLE,60.52225318083774
TitlePGD0X,58.87123829072513
Title05KWT,64.67191581148765
TitleCVXCO,54.25042004888958
Title6N8EC,63.3500755322494
TitleIFI2W,60.35134910721826
TitleRNZAN,59.66460659104731
TitleSTP0N,60.19648616214665
Title353HB,55.861498630238394
Title6E9CF,59.08050502052983
TitleR3L72,62.17676511510633
TitleD2CSJ,55.60412092449268
TitleW9RDL,55.970881779275516
TitleR205P,56.544397755454355
TitleCT4IC,60.46486996147275
TitlePGH8X,59.47494749716232
TitleDM68Z,62.79156106788001
Title29DVL,57.746070082617834
TitleS90MD,64.42710880793564
Title2MII0,57.89659089248085
TitleUNRSP,62.018943852704886
TitleN3WKB,59.28168046877782
TitleV2E67,65.84853829976676
TitleFKWIR,54.64503424708804
TitleIK899,64.59836142041418
TitleV2CTC,60.31440567367649
Title34J4I,58.33536025789952
TitleUVKGI,65.59639947216245
Title92X93,55.749578834337534
Title5YS9U,60.91168593991777
TitleYVIJW,61.84020955993559
TitleF7578,57.15618379139251
TitleUH8ZZ,59.89760491095348
TitleIWBQZ,59.44867835339402
TitleWYPBG,54.65339738300977
TitleJMIYB,63.91547350898989
TitleXU1HX,57.97667900104151
TitleC3Z5W,59.81608805309075
TitleETMER,59.40765708671015
TitleHSBKJ,60.974959440604664
TitleYIQZ2,64.6744330324211
TitleW1ON9,63.488542993091194
TitleLP7PK,61.18975066205867
Title8VA0E,61.334399624523115
TitleBAWPB,60.803990254684365
TitlePQ1LB,62.22717185644858
Title9BRV6,55.94181649313517
TitleJUKA7,58.71388447491898
TitleQ65CJ,59.33417710354253
TitleBOJWQ,58.98180574554262
TitleU7RSC,61.77691862397049
TitleOWURI,57.244156508844576
TitleOE6AS,61.28629994896423
TitleMBBS1,59.47078752669479
TitleM1HKD,60.45263323831813
TitleGAVCJ,66.18708601603446
TitleE21NV,61.23961238479541
TitleEN056,56.322484763158975
TitleQRXCS,60.75115769644262
TitlePZTC6,63.84001400237684
Title5Y5W3,59.75081456955637
Title4CYVQ,63.2247135806297
TitleB6BI2,62.779250861963654
TitleW4TC6,57.29510685163184
TitleWIETD,59.40459956426665
TitleSKV0E,60.607011965874555
Title20EBE,65.71392880844726
Title6EPNM,57.2397735418145
TitleWM5AJ,58.942367804009855
TitleD41S4,62.46797842378369
TitleZOR84,62.12768112663679
TitleEABKA,60.57156593368436
TitleZLB8C,59.110209473261904
Title7R8KZ,60.554119825612325
TitleH8FIQ,60.3619299126268
TitleMKIM4,58.51218244197672
TitleQM62M,55.61184595563059
TitleEKK3G,58.12232418341644
TitleY22DA,58.10241405843201
TitleMKO4Z,56.838364751311445
TitleDCVTS,62.77357013086662
TitleCEYQC,63.61951858613453
TitleCDBOX,59.476114367919635
TitleEORA1,65.1995821642072
Title2BAIR,58.361071841480424
TitleT1XSZ,60.16600704969706
TitleHPQPB,59.81337085600191
Title876D6,66.07945664469665
TitleFL87W,65.45241151761647
TitleJFW2L,62.57822545247717
Title6ETEZ,58.04467891697258
TitleH1E78,66.3762714535051
TitleQYOJJ,63.88233345021198
TitleQL8HE,58.83976702130637
TitleZT3Q8,59.78757257996664
TitleTZWKL,63.42127402006301
Title7M6WY,55.84296789342826
TitleYM8T9,60.20369615963622
Title785GK,60.993180045600745
Title5N8TI,58.495003541386666
TitleUH7N5,62.68937406079465
TitleGG5O3,62.984444126802956
TitleKVU1H,59.59576175989382
TitleWK7OQ,65.52280780522872
TitleQ8GET,60.91860898075967
Title6QMQ2,58.831733443189435
TitleZRLPI,62.169972468522104
TitleHQOJX,62.26660173629015
TitleBWVPD,63.93724284989215
TitleBCHD2,57.37654350355871
Title64G3U,58.425527918974
TitleW2FJH,60.383927154103205
TitleVC0G9,58.733200794331594
TitleP5UAW,54.54044462331848
TitleNZ29W,65.08655002852387
TitleJKOIP,59.55705132720702
TitleJW57A,66.51554970718436
TitleM9PH0,58.62149705523154
Title0KKRY,63.96202334873733
TitleCVUZS,57.784891639479234
Title6MQXH,56.913758870846124
Title63N52,65.2864294469961
Title9R4QJ,60.02587986233162
TitleTQAG6,54.51027875992137
Title4DYBD,63.557228908549114
Title0DGLT,66.58329686785382
TitleEDT5D,65.36486408969031
Title89EJJ,59.64257961755937
TitleQRHV4,63.35551233106003
TitleTL8TV,62.211232490102546
TitleJ5XQU,63.88854876484363
TitleXELRZ,62.34469011050489
Title65YIV,61.110913975382296
TitleZ56L4,60.36460319624716
TitleWJU2L,60.765843853685496
TitleSQI25,59.276129928199865
TitleCWV72,56.86336357676358
TitleHV0G3,57.82355906186767
TitleEWB0E,61.72501895554871
TitleG09TB,61.067800340618255
TitleSXKMN,55.68451251894205
TitleK6ZPA,61.82120927781415
TitleGE5XP,61.40511417672778
TitleYBVTC,56.24453315197313
Title26GJJ,62.11301438784806
TitleC8QVY,58.601316028740754
Title373LX,54.00911452064859
Title4BQM0,60.45814628640537
TitleKIH6U,57.89153304516581
TitleYNDC7,59.42740116896522
TitleV26B8,64.894343550506
TitleT7E70,60.066266261228265
TitleBTM08,61.27622272562021
TitleED1WD,58.63255882868973
TitleCTHSR,63.21993682295039
TitleJYFJB,59.46918848475774
TitleIK2Y3,61.81661375298515
TitleAP6X5,63.36354293818805
TitleIMIXB,61.25078196451842
Title8AEMM,61.852072706818745
TitleH9JV2,60.30054091313787
TitleZRT1P,57.748383024338715
Title58T6W,60.07652277017386
TitleOSF13,64.20193565886436
TitleKCU06,60.654143566298444
TitleXY39W,55.86106499028079
TitleFJW2F,60.569112463703235
TitleYE2BG,60.388019882385656
Title29M36,63.3134182412498
TitleH04BX,62.99700519441516
TitleLZ8O6,60.14244135862813
Title7UF4N,59.24344080802989
Title4PV8C,60.463651218104395
TitleN08R7,65.60313389721168
TitleTND66,65.93280316828162
TitleQIO3U,62.56658160822294
Title3PDJ0,55.685002361073415
TitleEVNEJ,59.03317317093105
Title0JXLB,60.00139570307355
TitleSST1A,65.42513664232841
TitleW4RI9,56.36774111590977
TitleUCX3N,66.47379853344275
TitleEA9MG,57.82255190141769
TitleCNW0A,63.08640594607273
TitleRE4FM,59.72004688341424
Title2N282,56.976112768861405
TitleVR7UT,61.611283377912876
TitleUWZIY,55.52995368791994
Title3A64B,59.29125598897045
TitleRBCFJ,63.016980836650205
TitleNYTFH,62.87469335655951
TitleBGRFC,59.673809369714846
TitleWWJ6X,57.34454726028241
TitleNK350,59.98739596959109
Title1N1II,66.21587822459291
TitleM1UE9,63.162095522930244
TitleHYQT7,59.4204696728421
TitleG814W,60.84041005276232
TitleB0PMY,55.06166054830447
TitleBBUFI,62.48426575060089
TitleG5VSK,56.76179684832371
Title5RUV3,61.746171712320056
TitleSEV42,64.66195361503637
Title438K1,60.836847556011115
TitleUZ3DI,59.624158595547726
TitleHT479,59.93311152304775
TitleKBBTU,62.40453632591839
TitleEV9GF,56.812049651051545
TitleKRMRZ,64.76119274124567
TitleBB3E1,57.80866731602382
TitleC6G9C,61.656387638113834
TitleVBED8,60.62033932060326
TitleBICN0,57.242757089347755
TitleIOVVV,58.86970524974601
TitleQRU5M,56.281459880084064
TitleL5J9W,58.11816210975961
TitleKAYDU,57.33011899595973
TitleS74OE,61.137445923957415
Title7X8D0,58.673549997702494
Title4TXOJ,59.90535512945902
TitleAI24X,62.42997804965479
Title7WRG6,58.69785650842328
Title2BHH1,62.54866376754439
Title5Q95N,56.2083061057592
Title31YAI,59.68675010053401
TitleJ2D0S,60.014699913528865
TitleATXPL,59.78614139835324
TitleT46RS,57.66410752678571
TitleX7JJE,59.68606429467853
TitleS1BAY,61.078541676502205
TitleAELWU,64.41028454282815
TitleSYDI4,58.747674310397734
TitleQVPSC,62.8414506703553
TitleQSNGK,60.39061271324036
TitleJZOKZ,59.138203627531304
TitleDJ0MS,60.68794239634065
TitleMTTRN,55.183753726858946
Title8E50X,63.02299518878834
Title1EW9T,55.53360336781346
TitleUQVUM,60.05378647491799
TitleWVYG8,60.350568709582774
TitleHTUKM,64.74918539520691
TitleIYOUQ,58.6819822686425
Title11T9M,54.147259679089586
TitleBSUA5,61.94292317614115
Title1QXPN,64.69905000835575
Title1NYOF,58.3906539219669
TitleIHHFR,60.22051710875896
TitleQYFNT,60.47835603344769
TitleVH335,56.59130938078203
Title1PTQJ,56.547351781988105
TitleQEZ5P,57.45481140093393
TitleCVH6V,61.66792748534554
TitleTC6OH,60.706784902154645
Title6R7VX,64.11062393365977
TitleMYCRA,60.769308388125964
TitleITC20,60.98834362914937
TitleCY245,59.786455418271174
TitleO09DL,53.46969559802491
TitleZQGIB,57.368890073124795
TitleJS6ZB,61.97863113582824
Title0GRHA,61.426194976481604
TitleGQJU7,58.0989137755159
Title3XO7D,63.77629338131081
TitleKZCMH,55.70031770163052
TitleUDKQ1,54.582580146825805
TitleIPVDH,61.69957654725491
TitlePF3W3,60.34855282260246
TitleCLRD7,59.548429732490995
Title8UJDQ,62.17712074188411
Title5DNSM,60.82542537882191
TitleO56F5,61.33737286102196
Title2K05N,65.54699984315977
TitleHQL6Q,62.44561136798331
TitlePOL75,58.635318931817736
TitleH149Z,56.38531090674944
TitleGPKAD,59.471467774139946
Title7QHF1,62.406049344166846
TitleK52R1,63.75181546570323
TitleGBD4N,66.70955733417291
TitleUWIF4,63.717934119977535
TitleK650G,58.96669336985054
Title2J3RP,65.51031675804023
TitleFM63F,55.40356938251905
Title2H7IY,60.695034574956644
Title1LVHT,57.76412378484737
TitleD9415,61.81465168336033
TitleI4YA3,55.66249948333518
TitleZGBPH,65.51725936071634
TitleEX9NJ,63.701156772943904
TitleGADOR,62.3347662233405
TitleA63P3,61.24069951480285
Title45VUD,56.41300688202167
Title5NV8S,60.28992707103682
Title3V1YD,60.00830597576125
TitleSALYL,61.251077769437025
TitleGFAC5,60.269534729387196
Title089HE,56.05603734392753
TitleDL9GJ,63.82437151067833
TitleUHTM4,60.07246803767229
TitleT6597,61.35996464038898
Title4JXJP,56.21557868606093
Title10CGL,63.54650343757201
TitleR230U,60.2251107769661
Title0XBLE,66.75188105710355
TitleRTKQ1,55.09321124831016
TitleCB5C1,60.16052069867301
TitleIG6QE,58.68667915194706
Title3Q3HJ,58.99615849164906
TitleVC5GO,60.09525449881785
Title9MRRH,60.733305430716584
Title6KYB0,64.69219083877982
TitleNPO27,59.8302686571374
Title2L8OW,60.75165379223425
Title5UTR7,53.83104035525298
TitleDXK1W,56.038441503914626
TitleOLE7C,62.86627077801701
TitleXL6Z6,64.62780013636896
TitleCAA9S,60.55493350536107
TitleS1Y5O,61.030127169028596
TitleXMATD,58.495362607669094
TitleKWA72,65.10907073015287
TitleENUVN,55.178666990794504
TitleBW1EW,55.61206421165517
TitleHQ967,63.631478380545815
TitleVGANC,60.32633321342233
TitleOTR0Z,61.41113844810667
TitleS7HU7,63.32915383499116
TitleNQJH0,62.63346297454606
Title8HXM3,59.57659607588759
Title61N9H,59.04583943614149
Title8FDTI,61.72251882305944
Title3FCY5,57.31781095227049
TitleOLVPE,64.519920424706
TitleWFDXU,62.98706656108142
Title0YDK4,58.1353243599047
TitleBM1J1,55.30301289013894
Title4NNTJ,60.93821505422111
TitleLN5S1,58.22273621888227
TitleD2ASQ,59.68997811371163
TitleA5VUC,64.3907186224815
TitleZ9MGC,63.747557456391064
TitleU5YAN,89.13350388360831
TitleLEEH4,60.7089696740748
Title3DN74,61.277736053273834
TitleB4YP4,59.488939411914465
TitleTH53P,54.831287883800016
Title0RM9L,58.68802734912158
TitleGRMFX,62.24202986939116
TitleU4J6Y,54.023507533768615
TitleHKMEL,64.44432836074013
TitleSHH1C,60.866249134304674
TitleKEFUI,59.801810908054435
TitleWMLN5,65.16869828900268
TitleOMMTU,61.65838843388173
Title2Q1A9,66.88649041914537
TitleMJDL6,56.04775904245078
TitleILV1L,60.87479339358863
TitleQMD0X,54.677456183529806
TitleQ9EJZ,57.931287821698106
Title3G91J,60.945323187107064
Title7CL9L,57.72331438514295
Title4RL5S,60.70513171524973
TitleRBS9E,66.14607458484974
TitleA05R3,59.37408804294333
Title22SSR,54.89978513030781
Title80TYK,57.56205917581291
TitleA40GC,64.3322762193518
TitleIRIEQ,65.78062415107314
Title8NPO9,56.7637238427069
TitleJZ2NF,57.46003099534116
TitleSLJPK,55.48588715511841
TitleNH5I5,57.10190077314514
Title7O3R2,64.44429578052
TitleBIYMP,61.177713716426005
TitleVZIP5,59.37013818212585
TitleG7BX1,57.39035717978952
TitleO6Z5U,64.67595805438557
TitleWOXPP,62.500550085247276
Title1S5QW,59.02877630726925
TitleXFWI1,62.299513818630665
TitleK6XN7,61.821714891147316
TitleJNMG2,62.15336064967471
Title4YBEE,61.75630873469021
TitleBPK6B,58.5070693388733
Title690RK,58.3082410254731
TitleZNXDK,64.46873816201075
TitleQPIVB,63.72452711881285
TitleD4B9D,56.858444175337596
TitleIUTZC,62.66741475679666
TitleDXXBE,64.57112901901124
TitleXEU8K,55.747672275663746
Title435A8,59.00601858910332
TitleEMEG7,63.34116595653417
TitleIOC2Z,53.725980199121395
TitleQOEH4,63.18019835928887
TitleI6R8T,55.188805705629605
TitleLWAMH,60.654834819057264
TitleVQIJP,60.21824692413601
TitleQJVOB,59.14079266713316
TitleJTUG8,58.845487631220195
TitlePCJK5,54.093564118405595
TitleW6NUX,61.578593856662614
TitleH0MK9,58.51910957759777
TitleCITBB,57.55261565046129
Title3TTX6,62.13485092067337
TitleSNG6L,60.185877132166446
Title9QPAT,57.250065475507334
TitleJE4ED,59.918465339378805
TitleMONPH,56.88565853442867
TitleUHCL9,56.69735099228986
TitleT5N6V,57.76342813218164
TitleL9VTS,62.72879698033429
TitleITQGT,66.38036465726381
TitleYDA9K,61.34567530436439
TitleVV5L7,58.96066960525034
TitleZOQA6,62.019228420461
Title0R5AG,61.798682149185936
Title1NE07,60.95651711010152
TitleHQ1DR,60.34388656649142
TitleV70ZI,61.40100247212179
TitleMT4BN,63.9902108551954
TitleGAVYD,57.765228012789734
TitleVZFNB,58.67584809257499
TitlePCTNX,58.256959451176165
TitleV6H0Y,59.3164350414978
Title2EI06,59.47694650972156
Title1U117,52.557060300364164
TitleXIDEN,64.21861096260855
TitleF8RSB,59.77119866051365
TitleS8K8L,64.63940582962333
TitleB8JEX,60.71765795970527
TitleRXSOT,58.213864002219744
TitleJK7I2,55.75178171256067
Title44YUQ,61.51002509770976
TitleD53TZ,57.813906515304936
TitlePJHNR,60.42014221941251
TitleEOHQM,56.85540190299806
TitleI1NT0,63.93336637291638
TitleP3NUG,60.38868863787955
TitleUQFC9,63.32915334132507
TitleAMI78,57.75889590004206
TitlePFTQR,60.55921406688837
TitleR3I65,61.3046462670668
TitleUQKH9,63.84132225701875
TitleCR7TX,62.53458953674843
TitleGNZ9A,59.02660652841012
TitleC7BSE,61.96579134249082
TitleSF3JL,63.3542141255892
TitleXX9NB,54.35459966521572
TitleR662H,59.821845254894264
TitleTE3RE,63.096415102636904
Title6U3L5,61.13266643161739
TitleXXWWU,62.47871058109024
TitleY7CAH,57.25877563018027
Title2ENFB,57.16032416151824
TitleH7AWM,60.97579450836824
TitleGSR96,64.99676905258909
TitleA974Y,63.13229707922922
TitleKRD9S,61.827224945069
TitleIC1XX,57.596317991746915
TitleHF4BN,58.375436133298564
TitleSKPGV,59.662581356866916
TitleN8ORD,56.59367237970301
TitleRULS9,58.31840393135871
TitleX989N,58.56667647008467
TitleLCQ2F,58.76790630496242
TitleODWHI,64.8245930741861
TitleWMB1Z,56.20920536367542
TitleIAMBX,57.523961201596364
TitleMW5XJ,62.692613838713456
TitleUFI52,63.00106069666813
TitleYNEJ5,54.718997399638035
TitleTHPVI,63.34257615259257
TitleXKJI4,63.09346649089285
Title4FAJZ,61.69224882380034
TitleL1LU4,60.75471639218212
TitleT3T7L,56.38682831306261
Title9PWUT,63.688645585649866
TitleGPI1Y,53.68044540193139
TitleJGSGL,53.84573187375526
TitleJTFJF,58.29828548968504
TitleQAY87,58.60924485140094
TitleVZQ1Z,58.52436448714262
TitleBJVZH,64.77209828707517
TitleWGVF6,61.85966518394305
Title84262,60.02725221452431
TitleS708T,56.61985588736539
Title5Y3QW,62.71667424534056
TitleGJ5D5,58.952559022405076
TitleG472T,60.956290031289846
TitleJT36Q,60.15727778741576
TitleGR2WP,57.96801505053875
Title5FQID,61.23544899318546
Title2D482,58.40531829215053
TitleN5G1W,60.054930145781746
TitleVQ2HA,62.33004233094233
TitleU5Q5B,60.87873898226078
TitleL6V9A,66.70166560314644
Title2R8VU,62.95302970980932
Title7HCNJ,62.9643659533869
TitleCD5YZ,58.12856067688633
Title8OKXL,57.02128806916458
TitleHFQT8,57.5308988560293
